{"information": {"./_Training/images/train\\set-1 (1).jpg": {"shape": [1280, 720], "labels": [[0.0, 0.3315750062465668, 0.5974029898643494, 0.0641229972243309, 0.08802299946546555], [0.0, 0.37581199407577515, 0.6955270171165466, 0.06331200152635574, 0.1226549968123436], [0.0, 0.6554380059242249, 0.6031749844551086, 0.07061699777841568, 0.08225099742412567], [0.0, 0.5864449739456177, 0.4632030129432678, 0.03165600076317787, 0.04761900007724762], [0.0, 0.46022701263427734, 0.458873987197876, 0.03246799856424332, 0.04473299905657768], [0.0, 0.44805198907852173, 0.4235210120677948, 0.02759700082242489, 0.040403999388217926], [0.0, 0.4825490117073059, 0.4134199917316437, 0.025162000209093094, 0.03463200107216835]]}, "./_Training/images/train\\set-1 (2).jpg": {"shape": [1280, 720], "labels": [[0.0, 0.3202109932899475, 0.5865799784660339, 0.05925299972295761, 0.0923520028591156], [0.0, 0.421671986579895, 0.5634920001029968, 0.03814899921417236, 0.07214999943971634], [0.0, 0.6448860168457031, 0.5707070231437683, 0.04789000004529953, 0.06349200010299683], [0.0, 0.4245130121707916, 0.4516589939594269, 0.03084399923682213, 0.03896100074052811], [0.0, 0.4504869878292084, 0.4316459894180298, 0.02011599950492382, 0.03199699893593788], [0.0, 0.4734260141849518, 0.43603700399398804, 0.021526999771595, 0.03701600059866905], [0.0, 0.5367730259895325, 0.4156470000743866, 0.01623399928212166, 0.026350000873208046], [0.0, 0.5754160284996033, 0.41031399369239807, 0.03282000124454498, 0.06964100152254105], [0.0, 0.56147700548172, 0.37706300616264343, 0.02752700075507164, 0.047054000198841095], [0.0, 0.5369489789009094, 0.38741499185562134, 0.015174999833106995, 0.028860000893473625], [0.0, 0.4893069863319397, 0.3758080005645752, 0.01305800024420023, 0.015684999525547028]]}, "./_Training/images/train\\set-1 (3).jpg": {"shape": [1280, 720], "labels": [[0.0, 0.3493950068950653, 0.5614590048789978, 0.04796300083398819, 0.07739699631929398], [0.0, 0.44126299023628235, 0.5017709732055664, 0.038371000438928604, 0.07083799690008163], [0.0, 0.41654399037361145, 0.45520099997520447, 0.015495999716222286, 0.0485370010137558], [0.0, 0.4560210108757019, 0.41715899109840393, 0.029516000300645828, 0.03017199970781803], [0.0, 0.4777890145778656, 0.38829898834228516, 0.015495999716222286, 0.02754800021648407], [0.0, 0.5545309782028198, 0.49127599596977234, 0.03172999992966652, 0.04460199922323227], [0.0, 0.6120870113372803, 0.5116099715232849, 0.04058400169014931, 0.05378499999642372], [0.0, 0.6434469819068909, 0.7011680006980896, 0.06936199963092804, 0.11019299924373627]]}, "./_Training/images/train\\set-1 (4).jpg": {"shape": [1280, 720], "labels": [[0.0, 0.6676139831542969, 0.6320350170135498, 0.05925299972295761, 0.08802299946546555], [0.0, 0.44318199157714844, 0.49494901299476624, 0.042208001017570496, 0.06204900145530701], [0.0, 0.44764599204063416, 0.4249640107154846, 0.028409000486135483, 0.04906199872493744], [0.0, 0.3104709982872009, 0.6355969905853271, 0.06899400055408478, 0.10687199980020523], [0.0, 0.5549229979515076, 0.3854080140590668, 0.013327999971807003, 0.023736000061035156]]}, "./_Training/images/train\\set-1 (5).jpg": {"shape": [1280, 720], "labels": [[0.0, 0.2763800024986267, 0.6969699859619141, 0.07548700273036957, 0.13997100293636322], [0.0, 0.4379059970378876, 0.5137090086936951, 0.03490300104022026, 0.08225099742412567], [0.0, 0.6452919840812683, 0.5923519730567932, 0.05357100069522858, 0.06637799739837646], [0.0, 0.44115298986434937, 0.43290001153945923, 0.025162000209093094, 0.041847001761198044], [0.0, 0.5539770126342773, 0.3852809965610504, 0.01217500027269125, 0.02164500020444393]]}, "./_Training/images/train\\set-1 (6).jpg": {"shape": [1280, 720], "labels": [[0.0, 0.196833997964859, 0.7878789901733398, 0.12905800342559814, 0.20923499763011932], [0.0, 0.5533009767532349, 0.4078199863433838, 0.01816600002348423, 0.030233999714255333], [0.0, 0.48720601201057434, 0.3830829858779907, 0.014301000162959099, 0.01923999935388565]]}, "./_Training/images/train\\set-1 (7).jpg": {"shape": [1280, 720], "labels": [[0.0, 0.6964290142059326, 0.6565660238265991, 0.06493499875068665, 0.10533899813890457], [0.0, 0.4700630009174347, 0.4456329941749573, 0.02530599944293499, 0.03480200096964836], [0.0, 0.43473100662231445, 0.4473299980163574, 0.03103500045835972, 0.04159199818968773], [0.0, 0.488072007894516, 0.3987079858779907, 0.014116000384092331, 0.022585999220609665], [0.0, 0.4970709979534149, 0.3845910131931305, 0.01305800024420023, 0.016939999535679817], [0.0, 0.47554299235343933, 0.3914929926395416, 0.014468999579548836, 0.02195899933576584]]}, "./_Training/images/train\\set-1 (8).jpg": {"shape": [1280, 720], "labels": [[0.0, 0.7041400074958801, 0.6890329718589783, 0.09496799856424332, 0.10678199678659439], [0.0, 0.5925319790840149, 0.4711399972438812, 0.03896100074052811, 0.04906199872493744], [0.0, 0.41477298736572266, 0.5822510123252869, 0.050324998795986176, 0.07214999943971634], [0.0, 0.37134701013565063, 0.546176016330719, 0.05600599944591522, 0.0692640021443367], [0.0, 0.46875, 0.4365079998970032, 0.02536500059068203, 0.035172998905181885], [0.0, 0.4875200092792511, 0.40358901023864746, 0.01724799908697605, 0.027055999264121056], [0.0, 0.45555999875068665, 0.41170600056648254, 0.020292000845074654, 0.03246799856424332]]}, "./_Training/images/train\\set-1 (9).jpg": {"shape": [1280, 720], "labels": [[0.0, 0.3514609932899475, 0.5627710223197937, 0.05357100069522858, 0.07070700079202652], [0.0, 0.39772701263427734, 0.6320350170135498, 0.055195000022649765, 0.10822500288486481], [0.0, 0.6737009882926941, 0.6349210143089294, 0.06980500370264053, 0.09668099880218506], [0.0, 0.5891900062561035, 0.46685299277305603, 0.028648000210523605, 0.03989500179886818], [0.0, 0.4676760137081146, 0.4486039876937866, 0.023396000266075134, 0.03565099835395813], [0.0, 0.4552620053291321, 0.41974401473999023, 0.022440999746322632, 0.03225500136613846], [0.0, 0.4841479957103729, 0.4091329872608185, 0.020052999258041382, 0.029709000140428543]]}}, "image_hash": "a6a0deada8905d07da6fe6f6b6653374", "label_hash": "4e9715d045518e22c96133e1f08107fc"}