{"information": {"./_Training/images/val\\ezgif-frame-006.jpg": {"shape": [1920, 1080], "labels": [[0.0, 0.552869975566864, 0.18857400119304657, 0.04095299914479256, 0.0669030025601387], [0.0, 0.6098729968070984, 0.17807899415493011, 0.0391089990735054, 0.065591000020504], [0.0, 0.5375589728355408, 0.0954350009560585, 0.027302000671625137, 0.039354998618364334], [0.0, 0.5185580253601074, 0.054767999798059464, 0.01881599985063076, 0.03017199970781803], [0.0, 0.5499190092086792, 0.05280100181698799, 0.02102999947965145, 0.03148400038480759]]}, "./_Training/images/val\\ezgif-frame-012.jpg": {"shape": [1920, 1080], "labels": [[0.0, 0.6083599925041199, 0.605338990688324, 0.11120100319385529, 0.2597399950027466], [0.0, 0.7613639831542969, 0.5793650150299072, 0.13311700522899628, 0.25108200311660767], [0.0, 0.5568180084228516, 0.17532500624656677, 0.04870099946856499, 0.07792200148105621], [0.0, 0.5742689967155457, 0.08946599811315536, 0.030031999573111534, 0.04761900007724762], [0.0, 0.5284090042114258, 0.09090899676084518, 0.02759700082242489, 0.053390998393297195], [0.0, 0.6379870176315308, 0.04761900007724762, 0.021104000508785248, 0.03896100074052811]]}, "./_Training/images/val\\ezgif-frame-020.jpg": {"shape": [1920, 1080], "labels": [[0.0, 0.5478900074958801, 0.229436993598938, 0.04870099946856499, 0.10245300084352493], [0.0, 0.6452919840812683, 0.23665200173854828, 0.05357100069522858, 0.09668099880218506], [0.0, 0.6582790017127991, 0.9440839886665344, 0.1623380035161972, 0.11183200031518936], [0.0, 0.48965999484062195, 0.03199699893593788, 0.016587000340223312, 0.02697799913585186], [0.0, 0.5028939843177795, 0.016939999535679817, 0.011292999610304832, 0.01944899931550026], [0.0, 0.528656005859375, 0.030429000034928322, 0.014821999706327915, 0.021330999210476875], [0.0, 0.5279499888420105, 0.01819399930536747, 0.013411000370979309, 0.02070399932563305], [0.0, 0.5771809816360474, 0.012547999620437622, 0.02082199975848198, 0.02070399932563305], [0.0, 0.7277430295944214, 0.10670600086450577, 0.0388760007917881, 0.05923900008201599]]}, "./_Training/images/val\\ezgif-frame-024.jpg": {"shape": [1920, 1080], "labels": [[0.0, 0.5738639831542969, 0.568543016910553, 0.11688300222158432, 0.2525250017642975], [0.0, 0.7978900074958801, 0.651515007019043, 0.14935100078582764, 0.3059160113334656], [0.0, 0.8299509882926941, 0.17099599540233612, 0.06574700027704239, 0.09523800015449524], [0.0, 0.5319939851760864, 0.04479299858212471, 0.018938999623060226, 0.027658000588417053], [0.0, 0.48938000202178955, 0.04329000040888786, 0.01826299913227558, 0.03306899964809418], [0.0, 0.5035849809646606, 0.02284800074994564, 0.016909999772906303, 0.023448999971151352], [0.0, 0.5368980169296265, 0.030062999576330185, 0.01724799908697605, 0.023448999971151352], [0.0, 0.5957450270652771, 0.01984100043773651, 0.01860100030899048, 0.022245999425649643], [0.0, 0.49394598603248596, 0.014128999784588814, 0.014542999677360058, 0.02164500020444393]]}, "./_Training/images/val\\ezgif-frame-034.jpg": {"shape": [1920, 1080], "labels": [[0.0, 0.5409319996833801, 0.13364900648593903, 0.03594600036740303, 0.056345999240875244], [0.0, 0.57088702917099, 0.0927639976143837, 0.0355600006878376, 0.04878700152039528], [0.0, 0.48237499594688416, 0.10616400092840195, 0.030920999124646187, 0.05497099831700325], [0.0, 0.4897190034389496, 0.0656220018863678, 0.027055999264121056, 0.03435700014233589], [0.0, 0.5086579918861389, 0.04019799828529358, 0.02164500020444393, 0.03160899877548218], [0.0, 0.4599570035934448, 0.032983001321554184, 0.017007000744342804, 0.02954700030386448], [0.0, 0.6648110151290894, 0.06184300035238266, 0.0278290007263422, 0.041916001588106155], [0.0, 0.5797770023345947, 0.011338000185787678, 0.023190999403595924, 0.021988999098539352]]}, "./_Training/images/val\\ezgif-frame-039.jpg": {"shape": [1920, 1080], "labels": [[0.0, 0.4500809907913208, 0.05555599927902222, 0.023538999259471893, 0.040403999388217926], [0.0, 0.5202919840812683, 0.0692640021443367, 0.029221000149846077, 0.04761900007724762], [0.0, 0.4813309907913208, 0.11255399882793427, 0.03084399923682213, 0.05627699941396713], [0.0, 0.4878250062465668, 0.1998559981584549, 0.055195000022649765, 0.08658000081777573], [0.0, 0.5637180209159851, 0.2987009882926941, 0.0608769990503788, 0.11111100018024445], [0.0, 0.6213470101356506, 0.21140000224113464, 0.05113599821925163, 0.0923520028591156], [0.0, 0.7414770126342773, 0.11832600086927414, 0.04789000004529953, 0.06204900145530701], [0.0, 0.46347400546073914, 0.015873000025749207, 0.01460999995470047, 0.02453099936246872], [0.0, 0.9115260243415833, 0.046897999942302704, 0.037337999790906906, 0.0461760014295578], [0.0, 0.6757310032844543, 0.014069000259041786, 0.023538999259471893, 0.028138000518083572]]}, "./_Training/images/val\\ezgif-frame-042.jpg": {"shape": [1920, 1080], "labels": [[0.0, 0.5990260243415833, 0.6984130144119263, 0.11525999754667282, 0.3246749937534332], [0.0, 0.7155029773712158, 0.4365079998970032, 0.10795500129461288, 0.2077919989824295], [0.0, 0.8388800024986267, 0.18253999948501587, 0.06736999750137329, 0.10678199678659439], [0.0, 0.4922890067100525, 0.3217889964580536, 0.08198100328445435, 0.16305899620056152], [0.0, 0.4703730046749115, 0.1616159975528717, 0.03652599826455116, 0.08513700217008591], [0.0, 0.5292209982872009, 0.09595999866724014, 0.029221000149846077, 0.0461760014295578], [0.0, 0.4464290142059326, 0.07936500012874603, 0.029221000149846077, 0.04473299905657768], [0.0, 0.46169599890708923, 0.02336299978196621, 0.015073999762535095, 0.02542399987578392], [0.0, 0.5003479719161987, 0.015460999682545662, 0.015073999762535095, 0.01923999935388565], [0.0, 0.6228740215301514, 0.032983001321554184, 0.025124000385403633, 0.02542399987578392]]}, "./_Training/images/val\\ezgif-frame-048.jpg": {"shape": [1920, 1080], "labels": [[0.0, 0.5527600049972534, 0.20562799274921417, 0.056818000972270966, 0.09812399744987488], [0.0, 0.37905800342559814, 0.47186100482940674, 0.13149400055408478, 0.2236649990081787], [0.0, 0.4143669903278351, 0.16378100216388702, 0.04951300099492073, 0.07503599673509598], [0.0, 0.4557630121707916, 0.04401199892163277, 0.021916000172495842, 0.025973999872803688], [0.0, 0.5121020078659058, 0.03771499916911125, 0.016971999779343605, 0.024924999102950096], [0.0, 0.5050910115242004, 0.02164500020444393, 0.017710000276565552, 0.024268999695777893], [0.0, 0.46303099393844604, 0.015742000192403793, 0.01623399928212166, 0.02164500020444393], [0.0, 0.6790509819984436, 0.06821499764919281, 0.033574000000953674, 0.043946001678705215], [0.0, 0.6873520016670227, 0.05083300173282623, 0.033204998821020126, 0.04066599905490875], [0.0, 0.9442639946937561, 0.05050500109791756, 0.036977000534534454, 0.04088500142097473], [0.0, 0.8446069955825806, 0.027256999164819717, 0.02615400031208992, 0.032868001610040665], [0.0, 0.7584779858589172, 0.014028999954462051, 0.02795800007879734, 0.027256999164819717]]}, "./_Training/images/val\\ezgif-frame-052.jpg": {"shape": [1920, 1080],